film_key,wiki_id,wiki_title
Blue Giant | unknown,,
Perfect Days | unknown,73588582,Perfect Days
Big Trouble in Little China | 1986,697113,Big Trouble in Little China
Ghost Dog: The Way of the Samurai | 1999,471352,Ghost Dog: The Way of the Samurai
Stray Dog | 1949,867905,Stray Dog (film)
Black Rain | 1989,,
Poetry | 2010,26964199,Poetry (film)
Ring | 1998,180785,Ring (film)
Jour de Fête | 1949,30863517,Jour de fête
Kind Hearts and Coronets | 1949,350908,Kind Hearts and Coronets
Stop Making Sense | 1984,1471831,Stop Making Sense
Thomasine & Bushrod | 1974,4340576,Thomasine & Bushrod
Young Frankenstein | 1974,442647,Young Frankenstein
Audition | 1999,587265,Audition (1999 film)
On the Town | 1949,12816415,On the Town (film)
The Taking of Pelham One Two Three | 1974,955409,The Taking of Pelham One Two Three (1974 film)
Heathers | 1989,13901,Heathers
Spider-Man: Far From Home | 2019,52179698,Spider-Man: Far From Home
In a Lonely Place | 1950,812818,In a Lonely Place
"Sorry, Wrong Number | 1948",183828,"Sorry, Wrong Number"
All About My Mother | 1999,61664,All About My Mother
Female Trouble | 1974,1328186,Female Trouble
Whisper of the Heart | 1995,25382451,Whisper of the Heart
Beau Travail | 2000,415881,Beau Travail
Late Spring | 1949,846329,Late Spring
The Wind Rises | 2013,37731694,The Wind Rises
A Woman Under the Influence | 1974,76643,A Woman Under the Influence
Freaky Friday | 2003,2236324,Freaky Friday (2003 film)
Train to Busan | 2016,50461635,Train to Busan
But I'm a Cheerleader | 2000,770156,But I'm a Cheerleader
Martial Law | 1990,18791040,Martial Law (1991 film)
Snowpiercer | 2013,35816879,Snowpiercer
Return to Reason: Four Films by Man Ray | 2024,,
Darkman | 1990,1839695,Darkman
Nam June Paik: Moon Is the Oldest TV | 2023,,
Black Tight Killers | 1966,26249449,Black Tight Killers
Minari | 2021,61276724,Minari
12 Angry Men | 1957,92605,12 Angry Men
Spider-Man: No Way Home | 2021,52239333,Spider-Man: No Way Home
Opponent | 2023,74552614,Opponent (film)
Poison | 1991,7444907,Poison (1991 film)
Candyman | 1992,1256990,Candyman (1992 film)
Get Out | 2017,48526729,Get Out
Rosemary's Baby | 1968,9830229,Rosemary's Baby (film)
Wayne's World | 1992,77744,Wayne's World (film)
Past Lives | 2023,72724981,Past Lives (film)
Prince: Sign O' the Times | 1987,,
Purple Rain | 1984,226331,Purple Rain (film)
Teenage Mutant Ninja Turtles | 1990,2323962,Teenage Mutant Ninja Turtles (1990 film)
School Daze | 1988,2851281,School Daze
Nostalgia | 1983,,
Dick Tracy | 1990,725984,Dick Tracy (1990 film)
Road to Boston | 2023,70494290,Road to Boston
My Own Private Idaho | 1991,605198,My Own Private Idaho
"Kim Ji-young, Born 1982 | 2019",64033010,"Kim Ji-young, Born 1982 (film)"
Rear Window | 1954,74577,Rear Window
Young Soul Rebels | 1991,9536996,Young Soul Rebels
Funny Games | 1997,3870912,Funny Games (1997 film)
Us | 2019,57371131,Us (2019 film)
The Shining | 1980,1186616,The Shining (film)
The Apple | 1980,5461234,The Apple (1980 film)
Selena | 1997,275547,Selena (film)
Spa Night | 2016,49210494,Spa Night
V for Vendetta | 2006,1891886,V for Vendetta (film)
Parasite | 2019,56746570,Parasite (2019 film)
Never Open That Door | 1952,9911779,Don't Ever Open That Door
Street of Chance | 1942,3577967,Street of Chance (1942 film)
Watchmen | 2009,5016250,Watchmen (2009 film)
Anselm | 2023,73588916,Anselm (film)
Across the Bridge | 1957,24817139,Across the Bridge (film)
Black Tuesday | 1954,2321684,Black Tuesday (film)
Hardly a Criminal | 1949,8959508,Hardly a Criminal
Zero Focus | 1961,13748529,Zero Focus
Cairo Station | 1958,25626519,Cairo Station
City of Fear | 1959,35107447,City of Fear (1959 film)
Smog | 1962,81148333,Smog (film)
Union Station | 1950,4150566,Union Station (film)
Field of Dreams | 1989,129524,Field of Dreams
Elevator to the Gallows | 1958,3837141,Elevator to the Gallows
Edward II | 1991,1306645,Edward II (film)
Buck and the Preacher | 1972,18764211,Buck and the Preacher
Neon Genesis Evangelion: The End of Evangelion | 1997,1714278,The End of Evangelion
Nope | 2022,66260186,Nope (film)
Signs | 2002,72453,Signs (film)
Cool World | 1992,600194,Cool World
Fallen Leaves | 2023,73726755,Fallen Leaves (film)
Ravenous | 1999,874208,Ravenous (1999 film)
Mystery Men | 1999,295757,Mystery Men
Drive-Away Dolls | 2024,70448628,Drive-Away Dolls
Inside the Yellow Cocoon Shell | 2023,73900394,Inside the Yellow Cocoon Shell
Love Lies Bleeding | 2024,70547951,Love Lies Bleeding (2024 film)
8 Days in August | 2024,,
Perfect Days | 2023,73588582,Perfect Days
Invasion of the Body Snatchers | 1956,74394,Invasion of the Body Snatchers
Immaculate | 2024,73069391,Immaculate (2024 film)
Late Night with the Devil | 2024,74072280,Late Night with the Devil
Nowhere | 1997,1223386,Nowhere (1997 film)
How to Have Sex | 2023,73659676,How to Have Sex
Sometimes I Think About Dying | 2024,72800340,Sometimes I Think About Dying
Cléo from 5 to 7 | 1962,3644380,Cléo from 5 to 7
Tótem | 2023,73002607,Tótem (film)
Charlie's Angels | 2000,342692,Charlie's Angels (2000 film)
La Chimera | 2023,70104574,La chimera
The Beast | 2024,,
300 | 2007,2465797,300 (film)
Sin City | 2005,1336308,Sin City (film)
Go Fish | 1994,6721185,Go Fish (film)
Speed | 1994,99123,Speed (1994 film)
The Omen | 1976,186856,The Omen
Le Deuxième Souffle | 1966,18487088,Le deuxième souffle (1966 film)
One Step Away | 1968,,
The Boy and the Heron | 2023,56741338,The Boy and the Heron
Billy in the Lowlands | 1979,,
The Blue Diner | 2001,23016541,The Blue Diner
The Dark End of the Street | 1981,74074834,The Dark End of the Street (1981 film)
The Tender Age | 1986,,
Pulp Fiction | 1994,54173,Pulp Fiction
Les Enfants Terribles | 1950,13118358,Les Enfants terribles (film)
The Silence of the Sea | 1949,4074374,Le Silence de la mer (1949 film)
Big Time | 1989,,
Lemon Sky | 1988,,
The Babadook | 2014,41716245,The Babadook
Where Spring Comes Late | 1970,30357155,Where Spring Comes Late
House on Haunted Hill | 1959,628843,House on Haunted Hill
T Blockers | 2023,77692023,T Blockers
The Silence of the Lambs | 1991,30006,The Silence of the Lambs (film)
I Saw the TV Glow | 2024,71614849,I Saw the TV Glow
Sleepaway Camp | 1983,715207,Sleepaway Camp
The Craft | 1996,86533,The Craft (film)
Phantom of the Opera | 1943,1271371,Phantom of the Opera (1943 film)
The Mummy | 1932,253833,The Mummy (1932 film)
Matinee | 1993,6215998,Matinee (1993 film)
The Birds | 1963,304428,The Birds (film)
Bride of the Monster | 1955,5035,Bride of the Monster
Ed Wood | 1994,528464,Ed Wood (film)
The Raven | 1963,518687,The Raven (1963 film)
The Texas Chain Saw Massacre | 1974,29781,The Texas Chain Saw Massacre
Le Samouraï | 1967,2046252,Le Samouraï
Magnet of Doom | 1963,30635965,Magnet of Doom
Eraserhead | 1978,36814246,Eraserhead
Don't Let the Riverbeast Get You! | 2012,78900252,Don't Let the Riverbeast Get You!
The Birthday | 2004,72849471,The Birthday (film)
A Bucket of Blood | 1959,4333681,A Bucket of Blood
The Little Shop of Horrors | 1960,325206,The Little Shop of Horrors
Phantasm | 1979,1802400,Phantasm (film)
2001: A Space Odyssey | 1968,23941708,2001: A Space Odyssey
Nosferatu | 1922,82423,Nosferatu
Cockfighter | 1974,4173939,Cockfighter
House of Usher | 1960,5421694,House of Usher (film)
X: The Man with the X-Ray Eyes | 1963,,
Le Trou | 1960,3644789,The Hole (1960 film)
Gas! -Or- It Became Necessary to Destroy the World in Order to Save It. | 1970,5388826,Gas-s-s-s
The Trip | 1967,696925,The Trip (1967 film)
The Wild Angels | 1966,1925631,The Wild Angels
Interview with the Vampire | 1994,3239688,Interview with the Vampire (film)
Boxcar Bertha | 1972,1873017,Boxcar Bertha
Dementia 13 | 1963,3815899,Dementia 13
13 Ghosts | 1960,1135297,13 Ghosts
Marnie | 1964,264851,Marnie (film)
Targets | 1968,427989,Targets
Polyester | 1981,1271694,Polyester (film)
Hangdog | 2023,,
Ride in the Whirlwind | 1966,2289802,Ride in the Whirlwind
The Shooting | 1966,2294746,The Shooting
Frankenstein Meets the Wolf Man | 1943,3302848,Frankenstein Meets the Wolf Man
The Wolf Man | 1941,927058,The Wolf Man (1941 film)
I Married a Witch | 1942,2100379,I Married a Witch
It Follows | 2015,44202021,It Follows
Frenzy | 1972,508044,Frenzy
Tales of Terror | 1962,3135608,Tales of Terror
Belarmino | 1964,7988853,Belarmino
Change of Life | 1967,,
Caged Heat | 1974,2631972,Caged Heat
The Student Nurses | 1970,34934880,The Student Nurses
The Exorcist | 1973,725459,The Exorcist
El Topo | 1970,1844221,El Topo
Lucifer Rising | 1974,,
Poundcake | 2023,,
Amarcord | 1973,239086,Amarcord
Chopping Mall | 1986,3834588,Chopping Mall
Piranha | 1978,3153784,Piranha (1978 film)
Invisible Nation | 2024,76800244,Invisible Nation
Trails | 1978,,
Vilarinho das Furnas | 1971,,
Holding Back the Tide | 2024,,
The Last Man on Earth | 1964,3947408,The Last Man on Earth (1964 film)
Autumn Sonata | 1978,225554,Autumn Sonata
Rock 'n' Roll High School | 1979,992419,Rock 'n' Roll High School
Suburbia | 1984,670267,Suburbia (film)
The Tingler | 1959,2293612,The Tingler
Falamos de Rio de Onor | 1974,,
North by Northwest | 1959,73412,North by Northwest
Battle Beyond the Stars | 1980,1152328,Battle Beyond the Stars
Galaxy of Terror | 1981,14864488,Galaxy of Terror
Stripped to Kill | 1987,12494928,Stripped to Kill
Slumber Party Massacre II | 1987,6647928,Slumber Party Massacre II
The Slumber Party Massacre | 1982,4343453,The Slumber Party Massacre
Bride of Frankenstein | 1935,73375,Bride of Frankenstein
Frankenstein | 1931,73488,Frankenstein (1931 film)
Eyes Without a Face | 1960,2491582,Eyes Without a Face (film)
Death Race 2000 | 1975,1017650,Death Race 2000
Frankenhooker | 1990,2259073,Frankenhooker
The Tomb of Ligeia | 1964,1776723,The Tomb of Ligeia
Brandos Costumes | 1975,24386035,Brandos Costumes
Trás-os-Montes | 1976,36319171,Trás-os-Montes (film)
23rd Halloween Horror Marathon | 2024,,
Monster House | 2006,2692284,Monster House (film)
Le Doulos | 1962,5092969,Le Doulos
Max and the Junkmen | 1971,31295173,Max et les ferrailleurs
Trick or Treat | 1986,7212423,Trick or Treat (1986 film)
Elbow | 2024,76004792,Elbow (film)
Army of Shadows | 1969,3723140,Army of Shadows
The Vows | 1973,22464784,The Vows
Basket Case | 1982,2283532,Basket Case (film)
The Bat | 1926,2258827,The Bat (1926 film)
The Gate | 1987,1010796,The Gate (1987 film)
A Nightmare on Elm Street | 1984,3028191,A Nightmare on Elm Street
Harry Smith - Film No. 12 / Film No. 16 | 1957,,
Night of the Comet | 1984,2381862,Night of the Comet
Night of the Creeps | 1986,2534857,Night of the Creeps
Evil Dead II | 1987,10487,Evil Dead II
Kwaidan | 1965,1268511,Kwaidan (film)
The Manchurian Candidate | 1962,58147,The Manchurian Candidate (1962 film)
Beetlejuice | 1988,293524,Beetlejuice
Little Shop of Horrors | 1986,3447166,Little Shop of Horrors (film)
Practical Magic | 1998,89445,Practical Magic
The Crow | 1994,406339,The Crow (1994 film)
Friday the 13th | 1980,168958,Friday the 13th (1980 film)
Halloween | 1978,20179415,Halloween (1978 film)
Scream Halloween House Party | 2024,,
The Rocky Horror Picture Show | 1975,25491,The Rocky Horror Picture Show
O Mal-Amado | 1974,,
What Shall I Do With This Sword? | 1975,,
Eephus | 2025,445172,Eephus
Out of the Past | 1947,75266,Out of the Past
The Elephant Man | 1980,106344,The Elephant Man (1980 film)
Koyaanisqatsi | 1983,18932654,Koyaanisqatsi
Zabriskie Point | 1970,2194799,Zabriskie Point (film)
Vertigo | 1958,76617,Vertigo (film)
Rebecca | 1940,1259785,Rebecca (1940 film)
Histórias Selvagens | 1978,,
3 Women | 1977,2798805,3 Women
Harry Smith - Film No. 18 (Mahagonny) | 1970,,
Fright Night | 1985,1123132,Fright Night
The Muppet Movie | 1979,876728,The Muppet Movie
Blade Runner | 1982,3746,Blade Runner
Head | 1968,693163,Head (film)
Dune | 1984,71415,Dune (1984 film)
Boston Punk Unbound/Rewound | 1976,,
The Killing | 1956,282964,The Killing (film)
The Breakfast Club | 1985,29943,The Breakfast Club
Blue Velvet | 1986,3947,Blue Velvet (film)
Futility in Frames: The Hypnoses of Vlatko Gilic | 1968,,
The Way Steel Was Tempered | 1988,10651171,The Way Steel Was Tempered
Experiment in Terror | 1962,5501567,Experiment in Terror
My Name Is Julia Ross | 1945,3624149,My Name Is Julia Ross
Niagara | 1953,1633705,Niagara (1953 film)
Neo Homo Promo | 1994,,
Siberian Lady Macbeth | 1962,839067,Siberian Lady Macbeth
Human Desire | 1954,2346581,Human Desire
The Big Heat | 1953,1564113,The Big Heat
When Harry Met Sally... | 1989,33270,When Harry Met Sally...
The Night Watchman | 2011,,
Over-Exposed | 1956,5993535,Over-Exposed
The Sniper | 1952,2721095,The Sniper (1952 film)
The Killers | 1946,1774116,The Killers (1946 film)
The Crimson Kimono | 1959,19164879,The Crimson Kimono
Underworld U.S.A. | 1961,13273342,Underworld U.S.A.
Wild at Heart | 1990,246963,Wild at Heart (film)
The Man Who Wasn't There | 2001,241052,The Man Who Wasn't There (2001 film)
Twin Peaks: Fire Walk with Me | 1992,245515,Twin Peaks: Fire Walk with Me
Dallas Doll | 1994,24716019,Dallas Doll
Willy/Milly | 1986,40961566,Willy/Milly
Leave Her to Heaven | 1945,181353,Leave Her to Heaven
Afro Promo | 1997,,
The Joy of Life | 2005,2615732,The Joy of Life
Amadeus | 1984,1065214,Amadeus (film)
The Royal Road | 2015,45296064,The Royal Road
Kokomo City | 2023,73448047,Kokomo City
A Report on the Party and the Guests | 1966,22279167,A Report on the Party and the Guests
Daisies | 1966,10163440,Daisies (film)
Murdering the Devil | 1970,,
Paris Is Burning | 1991,2406074,Paris Is Burning (film)
Valerie and Her Week of Wonders | 1970,1868133,Valerie and Her Week of Wonders (film)
A Clockwork Orange | 1971,1659954,A Clockwork Orange (film)
Shrek 2 | 2004,525314,Shrek 2
Lost Highway | 1997,204839,Lost Highway (film)
The Fall | 2008,27941350,The Fall (2008 film)
"Paris, Texas | 1984",237134,"Paris, Texas (film)"
Mulholland Drive | 2001,20786,Mulholland Drive (film)
Wings of a Serf | 1926,,
Casablanca | 1943,57585,Casablanca (film)
The Lady from Shanghai | 1947,1919203,The Lady from Shanghai
Winners | 2024,76033808,Winners (2024 film)
Times Square | 1980,2154540,Times Square (1980 film)
Inglourious Basterds | 2009,633052,Inglourious Basterds
"Lust, Caution | 2007",5631382,"Lust, Caution"
The Grandmaster | 2013,32963963,The Grandmaster (film)
Hook | 1991,443972,Hook (film)
Sans Soleil | 1983,,
The Thief of Bagdad | 1924,76385,The Thief of Bagdad (1924 film)
Nightmare Alley | 1947,2006189,Nightmare Alley (1947 film)
Seven Samurai | 1954,31371,Seven Samurai
Inland Empire | 2006,2028217,Inland Empire (film)
Matilda | 1996,675935,Matilda (1996 film)
Blade | 1998,471544,Blade (1998 film)
Top Hat | 1935,61501,Top Hat
How the Grinch Stole Christmas | 2000,4867859,How the Grinch Stole Christmas (2000 film)
Big Time | 1988,24105483,Big Time (1988 film)
"Salad Days: A Decade of Punk in Washington, DC (1980-90) | 2015",,
The Sugarland Express | 1974,1646113,The Sugarland Express
Gattaca | 1997,42886,Gattaca
Where to After the Rain? | 1967,,
Bram Stoker's Dracula | 1992,337740,Bram Stoker's Dracula (1992 film)
Eyes Wide Shut | 1999,9979,Eyes Wide Shut
Carol for Another Christmas | 1964,1466190,Carol for Another Christmas
Queen of the Damned | 2002,9088886,Queen of the Damned
Song of the Little Road | 1955,669691,Pather Panchali
It's a Wonderful Life | 1946,60164,It's a Wonderful Life
Die Hard | 1988,97646,Die Hard
Aparajito | 1956,1267738,Aparajito
The World of Apu | 1959,1471772,The World of Apu
Black Christmas | 1974,1584998,Black Christmas (1974 film)
Woodland | 2023,,
The Shop Around the Corner | 1940,76353,The Shop Around the Corner
Close Encounters of the Third Kind | 1977,146236,Close Encounters of the Third Kind
Only Lovers Left Alive | 2013,34888850,Only Lovers Left Alive
Edward Scissorhands | 1990,302970,Edward Scissorhands
Love Actually | 2003,370064,Love Actually
RRR | 2022,59329596,RRR
Hundreds of Beavers | 2024,,
Underworld | 2003,452767,Underworld (2003 film)
Pacific Rim | 2013,32112949,Pacific Rim (film)
Singin' in the Rain | 1952,1883157,Singin' in the Rain
Speed Racer | 2008,8737659,Speed Racer (film)
The Muppet Christmas Carol | 1992,1131832,The Muppet Christmas Carol
The Dark Knight | 2008,4276475,The Dark Knight
Meet Me in St. Louis | 1944,74942,Meet Me in St. Louis
Die Hard 2 | 1990,433824,Die Hard 2
Go | 1999,585172,Go (1999 film)
Little Women | 1994,781758,Little Women (1994 film)
A League of Their Own | 1992,543433,A League of Their Own
Anaconda | 1997,703970,Anaconda (1997 film)
Groundhog Day | 1993,142327,Groundhog Day (film)
Dracula 2000 | 2000,1219214,Dracula 2000
Single White Female | 1992,2632500,Single White Female
Tap | 1989,8771437,Tap (film)
The Cable Guy | 1996,885776,The Cable Guy
New Year's Evil | 1980,15589712,New Year's Evil (film)
Bottle Rocket | 1996,524139,Bottle Rocket
El Mariachi | 1993,326446,El Mariachi
Boyz n the Hood | 1991,155997,Boyz n the Hood
The Age of Innocence | 1993,5836236,The Age of Innocence (1993 film)
Strange Days | 1995,1339563,Strange Days (film)
Bad Boys | 1995,673613,Bad Boys (1995 film)
Double Team | 1997,2862407,Double Team (film)
Divine Madness | 1980,5028682,Divine Madness (film)
Aimée & Jaguar | 1999,451791,Aimée & Jaguar
Dead Ringers | 1988,826482,Dead Ringers (film)
Suspiria | 1977,347000,Suspiria
Taxi Driver | 1976,30000,Taxi Driver
Amazing Grace | 2018,60361320,Amazing Grace (2018 film)
GoodFellas | 1990,64394,Goodfellas
Heat | 1995,43566,Heat (1995 film)
Outbreak | 1995,733927,Outbreak (1995 film)
Pacifiction | 2022,72236843,Pacifiction
Dead Men Don't Wear Plaid | 1982,103088,Dead Men Don't Wear Plaid
Female Perversions | 1997,30306989,Female Perversions
The Annihilation of Fish | 1999,54459135,The Annihilation of Fish
Good Will Hunting | 1997,142456,Good Will Hunting
Planet of the Apes | 2001,20181491,Planet of the Apes (2001 film)
The Town | 2010,24228929,The Town (2010 film)
The Verdict | 1982,106359,The Verdict
Story of My Death | 2013,41706742,Story of My Death
Address Unknown | 1944,20760084,Address Unknown (1944 film)
Spotlight | 2015,43842546,Spotlight (film)
The Departed | 2006,1349086,The Departed
The Friends of Eddie Coyle | 1973,3213322,The Friends of Eddie Coyle
Joy of Sex | 1984,24668194,Joy of Sex (film)
Stand by Me | 1986,87983,Stand by Me (film)
Valley Girl | 1983,2406870,Valley Girl (1983 film)
Afternoons of Solitude | 2025,77946692,Afternoons of Solitude
Model | 1981,81559609,Model (film)
High School | 1969,,
The French Connection | 1971,99463,The French Connection (film)
The Big Lebowski | 1998,29782,The Big Lebowski
The Store | 1983,82587910,The Store (film)
Virtuosity | 1995,234731,Virtuosity
Youth (Spring) | 2023,73803574,Youth (Spring)
American Gangster | 2007,5017604,American Gangster (film)
La Jetée / In the Mood for Love | 1962,,
Youth (Hard Times) | 2024,,
Princess Mononoke | 1997,24653,Princess Mononoke
The Conversation | 1974,66853,The Conversation
Dahomey | 2024,75935839,Dahomey (film)
Youth (Homecoming) | 2024,,
It's the Old Army Game | 1926,33839298,It's the Old Army Game
"RPM Presents: Time, a Substance: Janie Geiser | 2020",,
Brief Encounter | 1945,70508,Brief Encounter
Harakiri | 1962,3137571,Harakiri (1962 film)
Hoosiers | 1986,74375,Hoosiers (film)
Racetrack | 1985,82443910,Racetrack (1985 film)
I'm Not There | 2007,5388717,I'm Not There
Menus-Plaisirs - Les Troisgros | 2023,76603481,Menus-Plaisirs – Les Troisgros
A Serious Man | 2009,19226290,A Serious Man
Fallen | 1998,1151458,Fallen (1998 film)
"Prewar and Wartime Animation, Part One | 1931",,
To the Japs: South Korean A-Bomb Survivors Speak Out | 1971,,
Tangerine | 2015,45254449,Tangerine (film)
The Nice Guys | 2016,43846431,The Nice Guys
Sea Palace / The Sea Demon on Land | 1930,,
Game Changers | 2024,,
Night Moves | 1975,1665824,Night Moves (1975 film)
Alpe-Adria Underground! | 2024,,
Underground and in the Air: Musical Experiments in Yugoslavia | 1962,,
Shakespeare in Love | 1998,88075,Shakespeare in Love
Subject to Review | 2019,,
Mississippi Burning | 1988,129410,Mississippi Burning
Aspen | 1991,82444554,Aspen (film)
Megalopolis | 2024,68613611,Megalopolis (film)
Scarface | 1983,267848,Scarface (1983 film)
Asia is One | 1973,,
The Royal Tenenbaums | 2001,223268,The Royal Tenenbaums
Absolute Power | 1997,3123893,Absolute Power (film)
Scarecrow | 1973,2232039,Scarecrow (1973 film)
Phenomena | 1985,3999301,Phenomena (film)
Tenebre | 1982,4011202,Tenebrae (film)
Midsommar | 2019,58032225,Midsommar
Nine to Five | 1980,582398,9 to 5 (film)
Pineapple Express | 2008,9264341,Pineapple Express (film)
Chungking Express | 1994,213471,Chungking Express
The Wicker Man | 1973,42313,The Wicker Man
Sorcerer | 1977,447139,Sorcerer (film)
Donnie Darko | 2001,57820,Donnie Darko
Kamikaze 1989 | 1982,23095277,Kamikaze 1989
The Lord of the Rings Trilogy | 2001,,
Summertime | 1955,190393,Summertime (1955 film)
Boxing Gym | 2010,56456888,Boxing Gym
Real Genius | 1985,483745,Real Genius
Top Secret! | 1984,983849,Top Secret!
Millennium Actress | 2002,829780,Millennium Actress
Raiders of the Lost Ark | 1981,54166,Raiders of the Lost Ark
Buena Vista Social Club | 1999,267633,Buena Vista Social Club (film)
Risky Business | 1983,561226,Risky Business
Document of Collision: The Whiplashed Ones (Dokyumento Rinka: Muchiutareru Mono) | 1969,,
A Woman Is a Woman | 1961,1644858,A Woman Is a Woman
Legend | 1985,922084,Legend (1985 film)
Alice Doesn't Live Here Anymore | 1974,225481,Alice Doesn't Live Here Anymore
Mother | 2009,22833707,Mother (2009 film)
News from Home | 1977,29932707,News from Home
The Namesake | 2006,2973132,The Namesake (film)
The Tale of The Princess Kaguya | 2013,37471874,The Tale of the Princess Kaguya (film)
Mildred Pierce | 1945,4995581,Mildred Pierce (film)
Everything Everywhere All at Once | 2022,58342225,Everything Everywhere All at Once
Psycho | 1960,23880,Psycho (1960 film)
The Secret of NIMH | 1982,558970,The Secret of NIMH
2 or 3 Things I Know About Her | 1967,1608743,Two or Three Things I Know About Her
Mamma Roma | 1962,3653844,Mamma Roma
Indiana Jones and the Last Crusade | 1989,51888,Indiana Jones and the Last Crusade
The Big Chill | 1983,545795,The Big Chill (film)
Vampire Hunter D | 1985,5162931,Vampire Hunter D (1985 film)
Miracle Mile | 1988,936429,Miracle Mile (film)
The Room | 2003,5443971,The Room
Days and Nights in the Forest | 1970,2679338,Days and Nights in the Forest
The Adversary | 1970,3384689,Pratidwandi
Near Dark | 1987,1637470,Near Dark
The Music Room | 1958,2508699,Jalsaghar
Charulata | 1964,1773524,Charulata
The Glory of Life | 2024,77072322,The Glory of Life (2024 film)
Weathering with You | 2019,59385239,Weathering with You
The Big City | 1963,2509635,Mahanagar
Bedknobs and Broomsticks | 1971,357525,Bedknobs and Broomsticks
Picnic at Hanging Rock | 1975,5878044,Picnic at Hanging Rock (film)
Happy Together | 1997,184987,Happy Together (1997 film)
Public Housing | 1997,54570979,Public Housing (film)
Belladonna of Sadness | 1973,9974948,Belladonna of Sadness
10 Things I Hate About You | 1999,398934,10 Things I Hate About You
The Social Network | 2010,24319139,The Social Network
Downfall | 2004,993791,Downfall (2004 film)
Thief | 1981,1330774,Thief (film)
The Keep | 1983,1401046,The Keep (film)
Ghost in the Shell Double Feature | 1995,,
The Great Escape | 1963,181229,The Great Escape (film)
The Sound of Music | 1965,4836239,The Sound of Music (film)
The Heartbreak Kid | 1972,857298,The Heartbreak Kid (1972 film)
Inu-Oh | 2022,68616843,Inu-Oh
The Mortal Storm | 1940,1533733,The Mortal Storm
Wet Hot American Summer | 2001,426761,Wet Hot American Summer
Vision Quest | 1985,678599,Vision Quest (film)
Firestarter | 1984,16182808,Firestarter (1984 film)
The Apartment | 1960,43849,The Apartment
The Watermelon Woman | 1997,7513196,The Watermelon Woman
Before Midnight | 2013,36929245,Before Midnight
Phantom Lady | 1944,1757150,Phantom Lady (film)
Don Q Son of Zorro | 1925,7768616,"Don Q, Son of Zorro"
The Times of Harvey Milk | 1984,5766332,The Times of Harvey Milk
Daughters of the Dust | 1991,2014023,Daughters of the Dust
The Miseducation of Cameron Post | 2018,52316133,The Miseducation of Cameron Post (film)
Good Burger | 1997,230536,Good Burger
The Long Goodbye | 1973,3624815,The Long Goodbye (film)
28 Weeks Later | 2007,5971538,28 Weeks Later
Hairspray | 1988,1613987,Hairspray (1988 film)
Pecker | 1998,1799076,Pecker (film)
Rabid | 1977,451003,Rabid (1977 film)
The Brood | 1979,451023,The Brood
The Company of Strangers | 1990,2436322,The Company of Strangers
Day of the Dead | 1985,63310,Day of the Dead (1985 film)
Alien | 1979,23487440,Alien (film)
Nightbreed | 1990,1126777,Nightbreed
Scanners | 1981,378213,Scanners
Videodrome | 1983,456587,Videodrome
The World Before Your Feet | 2018,61858819,The World Before Your Feet
Two to One | 2024,,
Naked Lunch | 1991,307690,Naked Lunch (film)
The Fly | 1986,456601,The Fly (1986 film)
Funeral Parade of Roses | 1969,6620825,Funeral Parade of Roses
Spirited Away | 2001,70091,Spirited Away
Crimes of the Future | 2022,66580777,Crimes of the Future (2022 film)
eXistenZ | 1999,296252,Existenz
Beyond the Valley of the Dolls | 1970,921865,Beyond the Valley of the Dolls
National Treasure | 2004,699208,National Treasure (film)
Killer's Kiss | 1955,1102966,Killer's Kiss
Battalion to My Beat | 2016,,
Bride of Re-Animator | 1990,1336108,Bride of Re-Animator
Beyond the Blue Border | 2024,,
The Sword of Doom | 1966,1358704,The Sword of Doom
House | 1977,20286230,House (1977 film)
The Celluloid Closet | 1996,2069950,The Celluloid Closet (film)
Return of the Living Dead III | 1993,30854893,Return of the Living Dead 3
The Hunt for Red October | 1990,3557540,The Hunt for Red October (film)
School in the Crosshairs | 1981,,
The Little Girl Who Conquered Time | 1983,21079738,The Girl Who Leapt Through Time (1983 film)
The Living End | 1992,6074576,The Living End (film)
Always | 1989,848218,Always (1989 film)
Far and Away | 1992,705925,Far and Away
"His Motorbike, Her Island | 1986",26778372,"His Motorbike, Her Island"
How to Survive a Plague | 2012,37922084,How to Survive a Plague
The Island Closest to Heaven | 1984,72385465,The Island Closest to Heaven
Querelle | 1982,183575,Querelle
Lawrence of Arabia | 1962,43452,Lawrence of Arabia (film)
Ugetsu | 1953,1975933,Ugetsu
Scott Pilgrim vs. the World | 2010,17574075,Scott Pilgrim vs. the World
Mommie Dearest | 1981,2079686,Mommie Dearest (film)
Drop Dead Gorgeous | 1999,871658,Drop Dead Gorgeous (film)
Jackass: The Movie | 2002,1161730,Jackass: The Movie
Green Room | 2016,44256011,Green Room (film)
Floating Clouds | 1955,15242021,Floating Clouds
Sudden Rain | 1956,21167644,Sudden Rain
Yearning | 1964,31740169,Yearning (1964 film)
Sound of the Mountain | 1954,16341960,Sound of the Mountain
Kuroneko | 1968,6289269,Kuroneko
Sabrina | 1954,1356971,Sabrina (1954 film)
Ash Wednesday | 1973,24689511,Ash Wednesday (1973 film)
The Outsiders | 1983,3186725,The Outsiders (film)
Kill Bill: Vol. 1 | 2003,301314,Kill Bill: Volume 1
A Wife's Heart | 1956,16342092,A Wife's Heart
Untamed Woman | 1957,18066013,Untamed (1957 film)
Kill Bill: Vol. 2 | 2004,525270,Kill Bill: Volume 2
Life of a Shock Force Worker | 2023,,
"The Ecstatic Square: Karpo Godina’s Experimental Shorts, 1965-1972 | 1965",,
Sabbath Queen | 2024,,
The People's Joker | 2024,,
"Frame for a Few Poses, Episodes 1 - 3 | 1976",,
Demon Pond | 1979,78156753,Demon Pond (1979 film)
Inside Llewyn Davis | 2013,34604057,Inside Llewyn Davis
The Last Class | 2025,,
The Sting | 1973,62440,The Sting
Flow | 2024,76884533,Flow (2024 film)
When the Cat Comes | 1963,13135357,The Cassandra Cat
A Better Tomorrow | 1986,89541,A Better Tomorrow
In Another Country | 2012,35562670,In Another Country (film)
On the Occasion of Remembering the Turning Gate | 2002,7362626,On the Occasion of Remembering the Turning Gate
The Lovers on the Bridge | 1991,3329045,Les Amants du Pont-Neuf
City on Fire | 1987,1640215,City on Fire (1987 film)
Lovers Rock | 2020,64179486,Lovers Rock (2020 film)
"Red, White and Blue | 2020",65968147,"Red, White and Blue (2020 film)"
Ha Ha Ha | 2010,,
Hill of Freedom | 2014,44253359,Hill of Freedom
Caught by the Tides | 2024,76585127,Caught by the Tides
A Traveler's Needs | 2024,75929437,A Traveler's Needs
Shanghai Blues | 1984,31176526,Shanghai Blues
Beauty and the Beast | 1946,1226363,Beauty and the Beast (1946 film)
Twin Peaks: The Return (Part 1 & 2) | 2017,,
Clueless | 1995,105872,Clueless
The Darjeeling Limited | 2007,6238106,The Darjeeling Limited
The Palm Beach Story | 1942,2254144,The Palm Beach Story
Twin Peaks: The Return (Part 3 & 4) | 2017,,
Michael Clayton | 2007,5968326,Michael Clayton
A Better Tomorrow II | 1987,3365741,A Better Tomorrow II
Beuys | 2017,52994727,Beuys (film)
I like America and America likes Me | 1974,,
Roma | 1972,1721399,Roma (1972 film)
The Left Handed Gun | 1958,10990102,The Left Handed Gun
Hackers | 1995,40852758,Hackers (film)
The Thing | 1982,30809,The Thing (1982 film)
The Killer | 1989,451877,The Killer (1989 film)
Art War | 2014,,
Harald Naegeli - Der Sprayer von Zürich | 2021,,
Sticker Movie | 2023,,
Alex Wheatle/Education | 2020,,
"I Was Born, But… / Pixote | 1932",,
Twin Peaks: The Return (Part 11 & 12) | 2017,,
Twin Peaks: The Return (Part 5 & 6) | 2017,,
Twin Peaks: The Return (Part 7 & 8) | 2017,,
Twin Peaks: The Return (Part 9 & 10) | 2017,,
The Catered Affair | 1956,7885996,The Catered Affair
Yourself and Yours | 2016,52132625,Yourself and Yours
FOUND FOOTAGE FEST: Porcelain VHS Treasures | 2025,,
Castle in the Sky | 1986,147697,Castle in the Sky
Postcards from the Edge | 1990,21675573,Postcards from the Edge (film)
Like You Know It All | 2009,20442820,Like You Know It All
Twin Peaks: The Return (Part 13 & 14) | 2017,,
Twin Peaks: The Return (Part 15 & 16) | 2017,,
Eno | 2024,75853418,Eno (2024 film)
Twin Peaks: The Return (Part 17 & 18) | 2017,,
Ray | 2004,993226,Ray (film)
Dude Bro Party Massacre III | 2015,53255086,Dude Bro Party Massacre III
Hello Beautiful | 2025,80112149,Hello Beautiful (film)
A Chinese Ghost Story | 1987,204809,A Chinese Ghost Story
Lightning | 1952,23208313,Lightning (1952 film)
Hell House LLC | 2015,52965398,Hell House LLC
One Cut of the Dead | 2017,58845544,One Cut of the Dead
Peking Opera Blues | 1986,1602624,Peking Opera Blues
Walk Up | 2022,71880486,Walk Up
Eat Drink Man Woman | 1994,881249,Eat Drink Man Woman
Noroi: The Curse | 2005,14449597,Noroi: The Curse
Troll Hunter | 2010,29345692,Trollhunter
Willow Creek | 2013,39530705,Willow Creek (film)
Impatience of the Heart | 2025,,
Night and Day | 2008,20425100,Night and Day (2008 film)
Ghostwatch | 1992,931331,Ghostwatch
Lake Mungo | 2009,21652388,Lake Mungo (film)
"RPM Fest Presents Crossing Lines, Films by Raymond Rea | 1982",,
The Midnight Swim | 2015,43519862,The Midnight Swim
The Sacrament | 2013,41438706,The Sacrament (2013 film)
M*A*S*H | 1970,23784006,M*A*S*H (film)
A Wanderer's Notebook | 1962,31750495,A Wanderer's Notebook
Europa Report | 2013,34707165,Europa Report
The McPherson Tape | 1989,15686529,UFO Abduction (film)
Salli | 2024,,
WALL·E | 2008,8980330,WALL-E
The Devil's Doorway | 2018,63406600,The Devil's Doorway
The Last Exorcism | 2010,26588977,The Last Exorcism
V/H/S/2 | 2013,38357481,V/H/S/2
Magic Mike XXL | 2015,43719778,Magic Mike XXL
The Trouble with Harry | 1955,579127,The Trouble with Harry
Cloverfield | 2008,12064359,Cloverfield
Yen and Ai-Lee | 2024,78117987,Yen and Ai-Lee
Midnight Run | 1988,1122030,Midnight Run
Hard Boiled | 1992,577618,Hard Boiled
Late Chrysanthemums | 1954,18587615,Late Chrysanthemums
Wife | 1953,43865754,Wife (film)
8½ | 1963,318810,8½
Don't Torture a Duckling | 1972,11510742,Don't Torture a Duckling
Opening Night | 1977,2581818,Opening Night (1977 film)
Bullet in the Head | 1990,1862671,Bullet in the Head
Repast | 1951,6584492,Repast (film)
Pink Narcissus | 1971,183550,Pink Narcissus
Four Nights of a Dreamer | 1972,18555807,Four Nights of a Dreamer
Shanghai Express | 1932,61061,Shanghai Express (film)
The Sealed Soil | 1977,79686171,The Sealed Soil
M | 1931,66322,M (1931 film)
7th Heaven | 1927,61049,7th Heaven (1927 film)
Pat Garrett & Billy the Kid | 1973,2143256,Pat Garrett and Billy the Kid
The Gold Rush | 1925,73882,The Gold Rush
Snow White | 1916,2826225,Snow White (1916 film)
Hour of the Wolf | 1968,1724742,Hour of the Wolf
Golden Eighties | 1986,64325894,Golden Eighties
Lifeboat | 1944,264869,Lifeboat (1944 film)
Under the Skin | 2014,39502001,Under the Skin (2013 film)
The Fog | 1980,1443093,The Fog
Mad Monster Party? | 1967,7392111,Mad Monster Party?
Child's Play 2 | 1990,534812,Child's Play 2
The Crowd | 1928,928593,The Crowd (1928 film)
The Devil's Backbone | 2001,5523710,The Devil's Backbone
Brother and Sister | 1953,,
Moment of Terror | 1966,,
Gods and Monsters | 1998,171555,Gods and Monsters (film)
Days of Wine and Roses | 1963,161866,Days of Wine and Roses (film)
24th Halloween Horror Marathon | 2025,,
E.T. the Extra-Terrestrial | 1982,73441,E.T. the Extra-Terrestrial
Fire of Wind | 2024,,
The Tender Bar | 2021,66061508,The Tender Bar (film)
Some Like It Hot | 1959,76366,Some Like It Hot
A Girl Walks Home Alone at Night | 2014,41301968,A Girl Walks Home Alone at Night
I Accuse! | 1958,22811714,I Accuse!
The Woman Who Ran | 2020,63110771,The Woman Who Ran
Hotel Transylvania | 2012,31327794,Hotel Transylvania (film)
The Odd Couple | 1968,6492614,The Odd Couple (film)
A Terra! The Cinema of Marta Mateus Program III | 1962,,
"Farpões, baldios / O Pão | 1963",,
Jonathan | 1970,38024097,Jonathan (1970 film)
Lady Dracula | 1977,62067684,Lady Dracula
The Substance | 2024,70519613,The Substance
Ghostbusters | 1984,205013,Ghostbusters
Re-Animator | 1985,1129009,Re-Animator
A Nightmare on Elm Street 3: Dream Warriors | 1987,3037946,A Nightmare on Elm Street 3: Dream Warriors
Tenderness of the Wolves | 1973,,
Candyman | 2021,62150510,Candyman (2021 film)
The Witches of Eastwick | 1987,5526366,The Witches of Eastwick (film)
Wolf | 1994,686022,Wolf (1994 film)
Mandy | 2018,56359151,Mandy (2018 film)
Oddity | 2024,76591225,Oddity (film)
Tigers Are Not Afraid | 2017,61595904,Tigers Are Not Afraid
The Pit and the Pendulum | 1961,5422414,The Pit and the Pendulum (1961 film)
Elvira: Mistress of the Dark | 1988,4227273,Elvira: Mistress of the Dark (film)
Scary Movie | 2000,277667,Scary Movie
Copycat | 1995,3154773,Copycat (1995 film)
Ginza Cosmetics | 1951,31731713,Ginza Cosmetics
The Song Lantern | 1943,72076809,The Song Lantern
Sinners | 2025,75895455,Sinners (2025 film)
Arsenic and Old Lace | 1944,787704,Arsenic and Old Lace (film)
A Hard Day's Night | 1964,248601,A Hard Day's Night (film)
Fairyland | 2023,71693627,Fairyland (film)
Halloween II | 2009,20736730,Halloween II (2009 film)
"Learn from Experience, Part One | 1937",,
"Learn from Experience, Part Two | 1937",,
6-A Akash Ganga | 2023,,
Our Sunhi | 2013,40284801,Our Sunhi
The Road I Travel With You / Avalanche | 1936,,
The Thomas Crown Affair | 1968,2367145,The Thomas Crown Affair (1968 film)
No! YOU'RE WRONG. or: Spooky Action at a Distance | 2025,81135282,No! You're Wrong. or: Spooky Action at a Distance
The Girl in the Rumor | 1935,66400499,The Girl in the Rumor
The Wiser Age | 1962,,
Love Story | 1970,99461,Love Story (1970 film)
Au Hasard Balthazar | 1966,1885499,Au hasard Balthazar
Let Us Live | 1939,33000092,Let Us Live
Washington Merry-Go-Round | 1932,39674347,Washington Merry-Go-Round (film)
"There Was, There Was Not | 2025",,
Saturday Night Fever | 1977,54175,Saturday Night Fever
Miracle in Milan / Killer of Sheep | 1951,,
The Brave Bulls | 1951,48139564,The Brave Bulls (film)
GODZILLATHON | 1954,,
Amar Akbar Anthony | 1977,1205729,Amar Akbar Anthony
The Day a Pig Fell Into the Well | 1996,3603641,The Day a Pig Fell into the Well
Under Age / Girls Under 21 | 1940,,
The Grapes of Wrath | 1940,4350811,The Grapes of Wrath (film)
Jordan Belson by Raymond Foye - Program i | 1951,,
Network | 1976,101935,Network (1976 film)
You've Got Mail | 1998,158982,You've Got Mail
Ladies in Retirement | 1941,10872789,Ladies in Retirement
Mysterious Intruder | 1946,39976667,Mysterious Intruder
Gunman's Walk | 1958,32812378,Gunman's Walk
Thunderhoof | 1948,63526212,Thunderhoof (film)
Home Alone | 1990,216072,Home Alone
Smoke Signals | 1998,1469880,Smoke Signals (film)
The Visit | 2015,,
Child's Play | 1988,534792,Child's Play (1988 film)
Josie and the Pussycats | 2001,754323,Josie and the Pussycats (film)
Poltergeist III | 1988,3316533,Poltergeist III
They Live | 1988,342556,They Live
Trap | 2024,71946032,Trap (2024 film)
Where the Wild Things Are | 2009,3677015,Where the Wild Things Are (film)
Ben-Hur | 1959,1343342,Ben-Hur (1959 film)
The Fugitive | 1993,1822067,The Fugitive (1993 film)
The Untouchables | 1987,3842730,The Untouchables (film)
Boyhood | 2014,11055577,Boyhood (2014 film)
About Last Night... | 1986,,
Call Northside 777 | 1948,1611590,Call Northside 777
Love Jones | 1997,2812852,Love Jones (film)
Master and Commander: The Far Side of the World | 2003,370858,Master and Commander: The Far Side of the World
Myra Breckinridge | 1970,6782517,Myra Breckinridge (film)
Cooley High | 1975,1692374,Cooley High
Nirvanna the Band the Show the Movie | 2026,75165538,Nirvanna the Band the Show the Movie
Blue Moon | 2025,77178873,Blue Moon (2025 film)
High Fidelity | 2000,160047,High Fidelity (film)
Jupiter Ascending | 2015,37599043,Jupiter Ascending
Carol | 2015,39562051,Carol (film)
Nimona | 2023,70090285,Nimona (film)
8 Women | 2002,2594435,8 Women
Commando | 1985,230483,Commando (1985 film)
Don Hertzfeldt’s Animation Mixtape | 2025,,
Yi Yi | 2000,3710372,Yi Yi
Demolition Man | 1993,548669,Demolition Man (film)
Devdas | 2002,,
Best of RPM 2025 | 2025,,
Resurrection | 2025,79910828,Resurrection (2025 film)
None Shall Escape | 1944,9742232,None Shall Escape
Our Hospitality | 1923,2685258,Our Hospitality
First Reformed | 2018,54729955,First Reformed
Tokyo Godfathers | 2003,981874,Tokyo Godfathers
We're No Angels | 1955,3585054,We're No Angels (1955 film)
We're No Angels | 1989,10587298,We're No Angels (1989 film)
Striptease | 1996,18943833,Striptease (film)
My Sister Eileen | 1942,24067673,My Sister Eileen (1942 film)
Together Again | 1944,27533931,Together Again (film)
Don't Open Till Christmas | 1984,25502856,Don't Open till Christmas
Pumping Iron | 1977,,
The Librarians | 2025,79003235,The Librarians (2025 film)
Pickup | 1951,37126793,Pickup (1951 film)
Rebel Without a Cause / High School | 1953,,
Women's Prison | 1955,33055398,Women's Prison (1955 film)
Hysteria | 2025,78930639,Hysteria (2025 film)
Vanity Street / Three Wise Girls | 1932,,
Kill Bill: The Whole Bloody Affair | 2011,,
Every-Night Dreams | 1933,37554282,Every-Night Dreams
Emma. | 2020,58910666,Emma (2020 film)
Pride & Prejudice | 2005,2312056,Pride & Prejudice (2005 film)
Metropolitan | 1990,3493786,Metropolitan (1990 film)
The Santa Clause | 1994,144415,The Santa Clause
All the President's Men | 1976,3876620,All the President's Men (film)
Three Days of the Condor | 1975,470185,Three Days of the Condor
A Face in the Crowd | 1957,2019404,A Face in the Crowd (film)
The Natural | 1984,11213660,The Natural (film)
Charlie's Angels: Full Throttle | 2003,256337,Charlie's Angels: Full Throttle
Butch Cassidy and the Sundance Kid | 1969,99031,Butch Cassidy and the Sundance Kid
Elie Wiesel: Soul on Fire | 2024,81327205,Elie Wiesel: Soul on Fire
The Candidate | 1972,3232438,The Candidate (1972 film)
The Hot Rock | 1972,5080099,The Hot Rock (film)
White Christmas | 1954,2817162,White Christmas (film)
Jeremiah Johnson | 1972,649482,Jeremiah Johnson (film)
The Electric Horseman | 1979,2022395,The Electric Horseman
Downhill Racer | 1969,6168251,Downhill Racer
Ordinary People | 1980,106335,Ordinary People
Brazil | 1985,74537,Brazil (1985 film)
Charade | 1963,899442,Charade (1963 film)
Rocky IV | 1985,104984,Rocky IV
Die Hard: With a Vengeance | 1995,357473,Die Hard with a Vengeance
After the Thin Man | 1936,144637,After the Thin Man
The Thin Man | 1934,61175,The Thin Man (film)
Henry: Portrait of a Serial Killer | 1986,1141596,Henry: Portrait of a Serial Killer
The Mastermind | 2025,78207619,The Mastermind (film)
Batman | 1989,4726,Batman (1989 film)
Final Destination Bloodlines | 2025,68017316,Final Destination Bloodlines
The Monkey | 2025,73762796,The Monkey (film)
How to Train Your Dragon | 2010,18394730,How to Train Your Dragon (2010 film)
Sisters | 1973,1519886,Sisters (1972 film)
Occupied City | 2023,69701238,Occupied City
The Painter and the Thief | 2020,64103121,The Painter and the Thief
Bugonia | 2025,76136533,Bugonia (film)
Eddington | 2025,75843768,Eddington (film)
Amrum | 2025,79548502,Amrum (film)
Familiar Touch | 2025,77753484,Familiar Touch
Fréwaka | 2025,81078400,Frewaka
RPM Fest Presents Crossing Lines: Films by Raymond Rea | 1985,,
Weapons | 2025,73248680,Weapons (2025 film)
Keaton & Chaplin Double Feature: THE GENERAL / THE IMMIGRANT | 1917,,
The Conformist | 1971,,
"Sorry, Baby | 2025",78578409,"Sorry, Baby (2025 film)"
Stalker | 1979,286266,Stalker (1979 film)
Misericordia | 2024,76603314,Misericordia (2024 film)
Among Neighbors | 2024,83535228,Among Neighbors
Prickly Mountain and My Design/ Build Life | 2025,,
Die My Love | 2025,77177879,Die My Love
If I Had Legs I'd Kick You | 2025,76020898,If I Had Legs I'd Kick You
Teenage Wasteland | 2025,81747251,Teenage Wasteland (2025 film)
Who Framed Roger Rabbit | 1988,76018,Who Framed Roger Rabbit
Nouvelle Vague | 2025,76269453,Nouvelle Vague (2025 film)
Vulcanizadora | 2025,77247074,Vulcanizadora
Blow-Up | 1966,448385,Blowup
Crossing Delancey | 1988,954902,Crossing Delancey
Frankenstein | 2025,73297429,Frankenstein (2025 film)
One of Them Days | 2025,77358498,One of Them Days
A Bay of Blood | 1971,4136530,A Bay of Blood
L'Avventura | 1960,330874,L'Avventura
Certified Copy | 2010,26968376,Certified Copy (film)
Cloud | 2024,77246399,Cloud (film)
Happyend | 2025,77550744,Happyend
Friendship | 2025,,
Splitsville | 2025,78277967,Splitsville (film)
Slap Shot | 1977,1412408,Slap Shot
Fear and Desire | 1953,543517,Fear and Desire
Put Your Soul on Your Hand and Walk | 2025,79735756,Put Your Soul on Your Hand and Walk
Train Dreams | 2025,76032207,Train Dreams (film)
Star Wars: Episode III - Revenge of the Sith | 2005,55447,Star Wars: Episode III – Revenge of the Sith
Peter Hujar's Day | 2025,78577080,Peter Hujar's Day
The History of Sound | 2025,69227350,The History of Sound
My Man Godfrey | 1936,74979,My Man Godfrey
An Unfinished Film | 2024,76826415,An Unfinished Film
The Defiant Ones | 1958,92642,The Defiant Ones
Wake Up Dead Man: A Knives Out Mystery | 2025,67267207,Wake Up Dead Man
Gothic | 1987,992455,Gothic (film)
Red Desert | 1964,1833819,Red Desert (film)
Do the Right Thing | 1989,73428,Do the Right Thing
Safe | 1995,2021218,Safe (1995 film)
Sholay | 1975,648216,Sholay
The Hunger | 1983,1139763,The Hunger (1983 film)
Partner | 1968,39145444,Partner (1968 film)
The Spider's Stratagem | 1970,,
The Great Yawn of History | 2024,,
City of Hope | 1991,10479762,City of Hope (1991 film)
Taste of Cherry | 1997,1873693,Taste of Cherry
Woman of the Year | 1942,76641,Woman of the Year
"Now, Voyager | 1942",180993,"Now, Voyager"
Eve's Bayou | 1997,2159438,Eve's Bayou
Trouble Sleep | 2020,,
Bride of Chucky | 1998,30865068,Bride of Chucky
Dangerous Liaisons | 1988,75933,Dangerous Liaisons
Crimson Peak | 2015,39031627,Crimson Peak
The Princess Bride | 1987,31153,The Princess Bride
Trolls | 2016,37935799,Trolls (film)
A Man Named John | 1965,19064014,A Man Named John
Le Amiche | 1955,12710627,Le Amiche
The Umbrellas of Cherbourg / Hyena | 1964,,
In the Mood for Love | 2000,213413,In the Mood for Love
Dirty Dancing | 1987,680361,Dirty Dancing
51st Annual Boston Science Fiction Film Marathon | 2026,,
Barb Wire | 1996,4506211,Barb Wire (1996 film)
Can She Bake a Cherry Pie? | 1983,23289657,Can She Bake a Cherry Pie?
Holiday | 1938,4070671,Holiday (1938 film)
The Philadelphia Story | 1940,62592,The Philadelphia Story (film)
The Holdovers | 2023,70173604,The Holdovers
Friday the 13th Double Feature | 1993,,
Meet John Doe | 1941,2462689,Meet John Doe
Smokey and the Bandit | 1977,844078,Smokey and the Bandit
The Car | 1977,2938431,The Car (1977 film)
Night of the Living Dead | 1968,30275,Night of the Living Dead
Saturday the 14th | 1981,9693961,Saturday the 14th
The Peanuts Movie | 2015,39367067,The Peanuts Movie
His Girl Friday | 1940,74018,His Girl Friday
The Hudsucker Proxy | 1994,170858,The Hudsucker Proxy
Desk Set | 1957,165106,Desk Set
Pat and Mike | 1952,2731103,Pat and Mike
Dr. Strangelove or: How I Learned to Stop Worrying and Love the Bomb | 1964,8695,Dr. Strangelove
Blackmail | 1929,1237381,Blackmail (1929 film)
On Golden Pond | 1981,15119799,On Golden Pond (1981 film)
The Lion in Winter | 1968,7870124,The Lion in Winter (1968 film)
The Thin Blue Line | 1988,597576,The Thin Blue Line (1988 film)
Footloose | 1984,877743,Footloose
Monsoon Wedding | 2001,940565,Monsoon Wedding
Bringing Up Baby | 1938,73376,Bringing Up Baby
Double Indemnity | 1944,73438,Double Indemnity
Exorcist II: The Heretic | 1977,571383,Exorcist II: The Heretic
Finding Nemo | 2003,239587,Finding Nemo
The Devil's Rejects | 2005,2063141,The Devil's Rejects
The Texas Chainsaw Massacre 2 | 1986,397753,The Texas Chainsaw Massacre 2
André Is an Idiot | 2026,81977450,André Is an Idiot
Mirrors No. 3 | 2025,79836490,Miroirs No. 3
One-Eyed Jacks | 1961,418252,One-Eyed Jacks
Paddington | 2014,40525118,Paddington (film)
Paddington 2 | 2017,52019421,Paddington 2
Best in Show | 2000,587507,Best in Show (film)
Mudbound | 2017,50355187,Mudbound (film)
Tank Girl | 1995,9415710,Tank Girl (film)
Ichi the Killer | 2001,311179,Ichi the Killer (film)
Pale Flower | 1964,30871010,Pale Flower
Youth in Fury | 1960,,
Nadja | 1995,2812082,Nadja (film)
Captive's Island | 1966,51934666,Captive's Island
Double Suicide | 1969,3644578,Double Suicide (1969 film)
Bud Abbott and Lou Costello Meet Frankenstein | 1948,68082,Abbott and Costello Meet Frankenstein
Cronos | 1993,3080704,Cronos (film)
The Boy with Green Hair | 1948,7595972,The Boy with Green Hair
RPM Presents “The Blue Rose of Forgetfulness”: Films by Lewis Klahr | 2019,,
Barry Lyndon | 1975,4227,Barry Lyndon
The Spirit of the Beehive | 1973,1583660,The Spirit of the Beehive
I Have Sinned | 1936,,
Full Metal Jacket | 1987,11701,Full Metal Jacket
History of the World: Part I | 1981,442668,"History of the World, Part I"
The Shawshank Redemption | 1994,30625,The Shawshank Redemption
The Thing from Another World | 1951,76387,The Thing from Another World
White Material | 2010,26825116,White Material
The Turin Horse | 2011,24143556,The Turin Horse
Born Innocent: The Redd Kross Story | 2024,,
FernGully: The Last Rainforest | 1992,2108776,FernGully: The Last Rainforest
Bending the Arc | 2017,53781076,Bending the Arc
Aladdin | 1992,,
Annihilation | 2018,46654061,Annihilation (film)
A Hot Roof | 1995,,
The Quiet Family | 1998,3611352,The Quiet Family
Pavements | 2025,72475347,Pavements (film)
Up | 2009,11659396,Up (2009 film)
Werckmeister Harmonies | 2001,3342195,Werckmeister Harmonies
RPM Presents “For All Audiences”: Films by Josh Weissbach | 2014,,
Jackie Brown | 1997,394792,Jackie Brown
Galaxy Quest | 1999,13149,Galaxy Quest
Labyrinth | 1986,177906,Labyrinth (1986 film)
The Dark Crystal | 1982,348292,The Dark Crystal
High Anxiety | 1977,442675,High Anxiety
The Right Stuff | 1983,113442,The Right Stuff (film)
Saving Face | 2004,2812718,Saving Face (2004 film)
Double Feature: Island of Lost Souls / The Leopard Man | 1932,,
The Half of It | 2020,60562903,The Half of It
Body Snatchers | 1993,5735467,Body Snatchers (1993 film)
Everyone Is Lying to You for Money | 2026,82972039,Everyone Is Lying to You for Money
Assassination | 1964,8088017,Assassination (1964 film)
Damnation | 1988,6482317,Damnation (film)
Aliens | 1986,213472,Aliens (film)
The Day of the Triffids | 1963,5832380,The Day of the Triffids (film)
Satantango | 1994,4340438,Sátántangó
Local Spotlight: Viet Nam: The Aftermath | 1982,,
The Producers | 1968,76030,The Producers (1967 film)
Requiem for a Dream | 2000,23830211,Requiem for a Dream
A.I. Artificial Intelligence | 2001,142224,A.I. Artificial Intelligence
Spaceballs | 1987,75222,Spaceballs
The House with Laughing Windows | 1976,7854762,The House with Laughing Windows
"Steal This Story, Please! | 2026",81593884,"Steal This Story, Please!"
The Wedding Singer | 1998,454655,The Wedding Singer
A Lizard in a Woman's Skin | 1971,8600276,A Lizard in a Woman's Skin
Santa Sangre | 1989,1064537,Santa Sangre
Hollywood Shuffle | 1987,2973523,Hollywood Shuffle
Mamma Mia! | 2008,8425661,Mamma Mia! (film)
The Passion of Joan of Arc | 1928,457561,The Passion of Joan of Arc
The Double Life of Véronique | 1991,733176,The Double Life of Veronique
Barfly | 1987,1722535,Barfly (film)
A Simple Plan | 1998,6233638,A Simple Plan (film)
Slowburn Shoot: An Indie Wrestling Story | 2026,,
Cure | 1997,2359777,Cure (film)
Double Feature: Chime / Serpent’s Path | 1998,,
The Terminator | 1984,30327,The Terminator
Santo vs. Doctor Death | 1973,,
The Gift | 2000,1312584,The Gift (2000 film)
The Taste of Tea | 2004,9065304,The Taste of Tea
Double Feature: Chime + Serpent’s Path | 1998,,
Eyes of the Spider | 1998,,
Double Feature: Ed Wood / Plan 9 from Outer Space | 1957,,
Freaky Friday | 1976,7533357,Freaky Friday (1976 film)
The Computer Wore Tennis Shoes | 1969,5453739,The Computer Wore Tennis Shoes
Escape from New York | 1981,9835,Escape from New York
Persona | 1966,667945,Persona (1966 film)
Desperately Seeking Susan | 1985,2019025,Desperately Seeking Susan
The Blair Witch Project | 1999,18841979,The Blair Witch Project
Solaris | 1972,20181213,Solaris (1972 film)
Cecil B. Demented | 2000,1039414,Cecil B. Demented
The Princess Diaries | 2001,564986,The Princess Diaries (film)
Trees Lounge | 1996,2547388,Trees Lounge
Black Swan | 2010,24480838,Black Swan (film)
Double Feature: Evil Dead (2013) / Evil Dead Rise | 2013,,
Ready to Rumble | 2000,2216322,Ready to Rumble
Angel's Egg | 1985,1023955,Angel's Egg
Body Slam | 1986,24160921,Body Slam (film)
Doctor Strange in the Multiverse of Madness | 2022,59353603,Doctor Strange in the Multiverse of Madness
An American in Paris | 1951,1587300,An American in Paris (film)
Ghost World | 2001,20179720,Ghost World (film)
Kings of the Road | 1976,8862350,Kings of the Road
Massacre at Central High | 1976,4220213,Massacre at Central High
"Double Feature: Adaptation / Synecdoche, New York | 2002",,
Zindagi Na Milegi Dobara | 2011,29525315,Zindagi Na Milegi Dobara
Bugsy Malone | 1976,307158,Bugsy Malone
The Fox and the Hound | 1981,1371138,The Fox and the Hound
Alice in Wonderland | 1951,769066,Alice in Wonderland (1951 film)
Miss Julie | 1951,8744262,Miss Julie (1951 film)
The Piano Teacher | 2001,846828,The Piano Teacher (film)
Jurassic Park | 1993,68485,Jurassic Park
Carny | 1980,15452919,Carny (1980 film)
Used Cars | 1980,1640125,Used Cars
The Bad News Bears | 1976,464128,The Bad News Bears
The General | 1926,68388,The General (1926 film)
Irma Vep | 1996,326124,Irma Vep
Baby Boy | 2001,156558,Baby Boy (film)
Native Son | 1951,9879767,Native Son (1951 film)
Move Ya Body: The Birth of House | 2025,78877930,Move Ya Body: The Birth of House
The Stunt Man | 1980,164395,The Stunt Man
Road House | 1989,901489,Road House (1989 film)
The Lavender Hill Mob | 1951,156632,The Lavender Hill Mob
Drag Me to Hell | 2009,20469278,Drag Me to Hell
Babystar | 2026,,
Double Feature: Nouvelle Vague / Contempt | 1963,,
Before Sunrise | 1995,805053,Before Sunrise
Before Sunset | 2004,805120,Before Sunset
Space Jam | 1996,265033,Space Jam
From Dusk Till Dawn | 1996,447299,From Dusk till Dawn
Major League | 1989,685987,Major League (film)
Terrifier 2 | 2022,61809773,Terrifier 2
Bitter Rice | 1949,2461103,Bitter Rice
Malcolm X | 1992,300972,Malcolm X (1992 film)
Killer Klowns from Outer Space | 1988,1249019,Killer Klowns from Outer Space
Mare’s Nest | 2026,,
"The Adventures of Priscilla, Queen of the Desert | 1994",482882,"The Adventures of Priscilla, Queen of the Desert"
Breakdown | 1997,1730420,Breakdown (1997 film)
Flightplan | 2005,2008863,Flightplan
Rose of Nevada | 2026,79157961,Rose of Nevada
Bound | 1996,249838,Bound (1996 film)
Desert Hearts | 1985,7313414,Desert Hearts
The Prestige | 2006,2809621,The Prestige
Beautiful Thing | 1996,34043061,Beautiful Thing (film)
Macho Dancer | 1989,6772810,Macho Dancer
Xanadu | 1980,317873,Xanadu (film)
Shaun of the Dead | 2004,598397,Shaun of the Dead
Hedwig and the Angry Inch | 2001,15782460,Hedwig and the Angry Inch (film)
Bull Durham | 1988,670386,Bull Durham
House of 1000 Corpses | 2003,307789,House of 1000 Corpses
It Chapter Two | 2019,50733124,It Chapter Two
Django | 1966,3586028,Django (1966 film)
Red Stars Upon the Field | 2025,,
The Wiz | 1978,8711666,The Wiz (film)
Contact | 1997,,
Stargate | 1994,28327,Stargate (film)
Catch Me If You Can | 2002,215873,Catch Me If You Can
Coming to America | 1988,54540,Coming to America
Jaws | 1975,74830,Jaws (film)
American Psycho | 2000,4846576,American Psycho (film)
Overboard | 1987,2209172,Overboard (1987 film)
Sommersby | 1993,977671,Sommersby
Saving Private Ryan | 1998,28269,Saving Private Ryan
Dunkirk | 2017,48936686,Dunkirk (2017 film)
Miss Congeniality | 2000,19715,Miss Congeniality (film)
Sister Act | 1992,920468,Sister Act
"Summer of Soul (...Or, When the Revolution Could Not Be Televised) | 2021",66623644,Summer of Soul
Superbad | 2007,6254878,Superbad
The Searchers | 1956,76335,The Searchers
Take Me Out to the Ball Game | 1949,17519548,Take Me Out to the Ball Game (film)
Fire in the Sky | 1993,722551,Fire in the Sky
Alien³ | 1992,213251,Alien 3
Alfie | 1966,98503,Alfie (1966 film)
Drunken Tai Chi | 1984,11038654,Drunken Tai Chi
John Wick: Chapter 4 | 2023,61747554,John Wick: Chapter 4
Invasion of the Saucer Men | 1957,8731626,Invasion of the Saucer Men
Carnage | 2011,30885871,Carnage (2011 film)
Terminator 2: Judgment Day | 1991,34344124,Terminator 2: Judgment Day
The Hateful Eight | 2015,43308964,The Hateful Eight
SPL: Kill Zone | 2005,,
The Seven Year Itch | 1955,763753,The Seven Year Itch
Cool Hand Luke | 1967,161897,Cool Hand Luke
Fly Me to the Moon | 2024,70438308,Fly Me to the Moon (2024 film)
Grease | 1978,336846,Grease (film)
Ask E. Jean | 2026,80914286,Ask E. Jean (film)
The Man Who Shot Liberty Valance | 1962,434089,The Man Who Shot Liberty Valance
Repo Man | 1984,26541,Repo Man (film)
Minority Report | 2002,142049,Minority Report
Cisco Pike | 1972,15203301,Cisco Pike
Tenet | 2020,59770239,Tenet
UFOria | 1984,2918501,UFOria
Lucky | 2017,,
Fear Strikes Out | 1957,6048532,Fear Strikes Out
Mars Attacks! | 1996,3565461,Mars Attacks!
Christine | 1983,2071077,Christine (1983 film)
Death Watch | 1980,2414949,Death Watch
The Faculty | 1998,308430,The Faculty
Double Feature: Sleepaway Camp / Teenage Sex and Death at Camp Miasma | 2026,,
The Last Temptation of Christ | 1988,7832768,The Last Temptation of Christ (film)
Pretty in Pink | 1986,454223,Pretty in Pink
State of Firsts | 2026,80743768,State of Firsts
The Asphalt Jungle | 1950,894179,The Asphalt Jungle
Communion | 1989,9358857,Communion (1989 film)
Invasion of the Body Snatchers | 1978,5735396,Invasion of the Body Snatchers (1978 film)
Howard the Duck | 1986,6551171,Howard the Duck (film)
Gentlemen Prefer Blondes | 1953,418598,Gentlemen Prefer Blondes (1953 film)
Chang: A Drama of the Wilderness | 1927,42861,Chang: A Drama of the Wilderness
The Prince and the Showgirl | 1957,1997332,The Prince and the Showgirl
The Misfits | 1961,1134155,The Misfits (1961 film)
Clash of the Titans | 1981,948548,Clash of the Titans (1981 film)
Sherman's March | 1985,,
The Mask | 1994,1485962,The Mask (1994 film)
Dark Angel | 1990,9963622,I Come in Peace
It Happened One Night | 1934,44696,It Happened One Night
Mikey and Nicky | 1976,3446656,Mikey and Nicky
West Side Story | 1961,4608223,West Side Story (1961 film)
In a Violent Nature | 2024,75907604,In a Violent Nature
The Doors | 1991,604150,The Doors (film)
Straight to Hell | 1987,590598,Straight to Hell (film)
Fiddlehead presents Baby I’ll Change with Good Will Hunting | 1997,,
A Streetcar Named Desire | 1951,3367826,A Streetcar Named Desire (1951 film)
The Day the Earth Stood Still | 1951,73422,The Day the Earth Stood Still
Le Cercle Rouge | 1970,2498993,Le Cercle Rouge
The Goldfish | 2019,78097481,The Goldfish (2019 film)
Anchorman: The Legend of Ron Burgundy | 2004,709490,Anchorman: The Legend of Ron Burgundy
24 Hour Party People | 2002,360138,24 Hour Party People
Double Feature: The Bakery Girl of Monceau / Suzanne’s Career | 1963,,
First Blood | 1982,872441,First Blood
La Collectionneuse | 1967,5216381,La Collectionneuse
The Final Girls | 2015,42597746,The Final Girls
Chicken Run | 2000,284525,Chicken Run
Funny Girl | 1968,12064241,Funny Girl (film)
I Shot Andy Warhol | 1996,435566,I Shot Andy Warhol
Heavyweights | 1995,1039561,Heavyweights
"Tally Brown, New York | 1979",35856672,"Tally Brown, New York"
The Great Muppet Caper | 1981,1458713,The Great Muppet Caper
The War of the Worlds | 1953,25045707,The War of the Worlds (1953 film)
Earth vs. the Flying Saucers | 1956,2057905,Earth vs. the Flying Saucers
My Son | 2021,,
Broadcast News | 1987,129278,Broadcast News (film)
Danger: Diabolik | 1968,2952273,Danger: Diabolik
Dragon Inn | 1967,2533663,Dragon Inn
Angel Heart | 1987,673682,Angel Heart
My Night at Maud's | 1969,3342049,My Night at Maud's
Citizen Kane | 1941,5224,Citizen Kane
Wicked VHS presents: A Secret Summer Camp Slasher | unknown,,
The Straight Story | 1999,31351,The Straight Story
Family Plot | 1976,1573600,Family Plot
Strangers on a Train | 1951,261107,Strangers on a Train (film)
Midnight in the Garden of Good and Evil | 1997,14307697,Midnight in the Garden of Good and Evil (film)
Zardoz | 1974,149928,Zardoz
Basic Instinct | 1992,481649,Basic Instinct
Love in the Afternoon | 1972,5216578,Love in the Afternoon (1972 film)
Wicked VHS presents: A Secret Summer Camp Slasher Part 2 | unknown,,
The Heart of the Matter | 1953,7739227,The Heart of the Matter (film)
Manhunter | 1986,600235,Manhunter (film)
Cabaret | 1972,236691,Cabaret (1972 film)
The Piano | 1993,133688,The Piano
The Lord of the Rings: The Two Towers | 2002,173944,The Lord of the Rings: The Two Towers
Sleepaway Camp II: Unhappy Campers | 1988,4133151,Sleepaway Camp II: Unhappy Campers
Our Man in Havana | 1960,11588549,Our Man in Havana (film)
The Stranger's Hand | 1954,39545816,The Stranger's Hand
The Band Wagon | 1953,73366,The Band Wagon
"Triple Feature: Malkovich, Malkovich, Malkovich! | 1988",,
Ministry of Fear | 1944,2522946,Ministry of Fear
Went the Day Well? | 1942,2044745,Went the Day Well?
Invaders from Mars | 1953,2393932,Invaders from Mars (1953 film)
The Cycle of Love | 2026,80921228,The Cycle of Love
Tokyo Story | 1953,846336,Tokyo Story
Breathless | 1960,339526,Breathless (1960 film)
"Good Night, and Good Luck. | 2005",2663129,"Good Night, and Good Luck"
Akira | 1988,605939,Akira (1988 film)
Bicycle Thieves | 1948,642744,Bicycle Thieves
Total Recall | 1990,55325,Total Recall (1990 film)
The Fallen Idol | 1948,2221107,The Fallen Idol (film)
The Third Man | 1949,71473,The Third Man
Allegro non troppo | 1976,4562372,Allegro non troppo
The Lord of the Rings: The Return of the King | 2003,174251,The Lord of the Rings: The Return of the King
Desperate Living | 1977,1328188,Desperate Living
Brighton Rock | 1948,10972714,Brighton Rock (1948 film)
Persepolis | 2007,11347793,Persepolis (film)
Metropolis | 2001,6198415,Metropolis (2001 film)
The Fugitive | 1947,2666581,The Fugitive (1947 film)
Working Girls | 1987,,
Killer of Sheep | 1978,74848,Killer of Sheep
True Stories | 1986,1138831,True Stories (film)
Welcome to the Dollhouse | 1996,2298338,Welcome to the Dollhouse
Silvestre | 1982,48435044,Silvestre (film)
Ghost in the Shell | 1995,3228403,Ghost in the Shell (1995 film)
Mass Mini Con presents: A Mutant Mystery Movie 3 | unknown,,
Showgirls | 1995,93760,Showgirls
Marathon '77 | 1977,,
Berlin Hero | 2025,,
Snow White | 2000,,
"Aguirre, the Wrath of God | 1972",158052,"Aguirre, the Wrath of God"
Harold and Maude | 1971,13290,Harold and Maude
The Godfather | 1972,2466773,The Godfather
The Lives of Others | 2006,5454803,The Lives of Others
The Bling Ring | 2013,36495174,The Bling Ring
The Virgin Suicides | 2000,3610087,The Virgin Suicides (film)
Travels with My Aunt | 1972,20867795,Travels with My Aunt (film)
Amores Perros | 2000,729979,Amores perros
For Heaven's Sake | 1926,5045155,For Heaven's Sake (1926 film)
Hunt for the Wilderpeople | 2016,49200910,Hunt for the Wilderpeople
East of Eden | 1955,290970,East of Eden (film)
Hovering Over the Water | 2013,,
Cemetery Cinema: The Straight Story & Wings of Desire | 1987,,
Monty Python and the Holy Grail | 1975,19701,Monty Python and the Holy Grail
Dead Calm | 1989,697868,Dead Calm (film)
CODA | 2021,66255918,CODA (2021 film)
The Graduate | 1967,29942,The Graduate
Romy and Michele's High School Reunion | 1997,201553,Romy and Michele's High School Reunion
Event Horizon | 1997,29320113,Event Horizon (film)
In the Mouth of Madness | 1995,343684,In the Mouth of Madness
A Goofy Movie | 1995,155785,A Goofy Movie
Down by Law | 1986,3375635,Down by Law (film)
Possession | 1981,5542682,Possession (1981 film)
Hocus Pocus | 1993,1962219,Hocus Pocus (1993 film)
The Beyond | 1981,1864142,The Beyond (1981 film)
Recollections of the Yellow House | 1989,37809940,Recollections of the Yellow House
Friday Film Matinee: Two Chaplin Shorts | 1918,,
My Brother's Wedding | 1985,,
Vagabond | 1985,897713,Vagabond (1985 film)
Captain January | 1924,8174574,Captain January (1924 film)
Cannibal Holocaust | 1980,513149,Cannibal Holocaust
God's Comedy | 1996,18523660,God's Comedy
Freaks | 1932,73494,Freaks (1932 film)
Ten Dark Women | 1961,34888791,Ten Dark Women
The Blade | 1995,5697939,The Blade (film)
High Society | 1956,255194,High Society (1956 film)
Uncle Boonmee Who Can Recall His Past Lives | 2010,26978753,Uncle Boonmee Who Can Recall His Past Lives
The Adventures of Prince Achmed | 1926,4321732,The Adventures of Prince Achmed
Bellissima | 1952,10748976,Bellissima (film)
Careful | 1992,8136508,Careful (1992 film)
He Ran All the Way | 1951,3820793,He Ran All the Way
Strictly Ballroom | 1992,542202,Strictly Ballroom
Lotte Reiniger Short Films | 1926,,
Midnight | 1939,2451146,Midnight (1939 film)
Häxan | 1922,3644898,Häxan
Pink Flamingos | 1972,320527,Pink Flamingos
Sunrise: A Song of Two Humans | 1927,61904,Sunrise: A Song of Two Humans
Steel Magnolias | 1989,600008,Steel Magnolias
Diva | 1981,30874145,Diva (1981 film)
Witness | 1985,84931,Witness (1985 film)
"New York, New York | 1977",1230920,"New York, New York (1977 film)"
Parents | 1989,5330839,Parents (1988 film)
The Human Condition I: No Greater Love | 1959,69840192,The Human Condition I: No Greater Love
The 'Burbs | 1989,600216,The 'Burbs
The Human Condition II: Road to Eternity | 1959,81194255,The Human Condition II: Road to Eternity
The Human Condition III: A Soldier's Prayer | 1961,30405035,The Human Condition III: A Soldier's Prayer
Back to the Future | 1985,42993,Back to the Future
A Few Good Men | 1992,20691749,A Few Good Men
The Last Dive | 1992,,
Dead Snow | 2009,20611596,Dead Snow
Heaven Can Wait | 1943,77653,Heaven Can Wait (1943 film)
Jennifer's Body | 2009,15713038,Jennifer's Body
Little Nicky | 2000,1011854,Little Nicky
Mystery Train | 1989,3509663,Mystery Train (film)
Barbarian | 2022,71399138,Barbarian (2022 film)
The Spousals of God | 1999,,
Ghost Ship and The Fog Aboard the Sea Witch | 1980,,
Kaagaz Ke Phool | 1959,8448870,Kaagaz Ke Phool
Sherlock Jr. | 1924,76346,Sherlock Jr.
The Hips of J.W. | 1997,,
The Phantom of the Opera | 1925,308930,The Phantom of the Opera (1925 film)
Leviathan and Deep Rising Aboard the Sea Witch | 1989,,
Tommy | 1975,1221714,Tommy (1975 film)
Dracula & Frankenstein Double Feature | 1931,,
Jaws and Deep Blue Sea Aboard the Sea Witch | 1975,,
Dial M for Murder | 1954,77223,Dial M for Murder
Knives Out | 2019,58400663,Knives Out
Final Destination 3 | 2006,1945359,Final Destination 3
The Devil's Advocate | 1997,673274,The Devil's Advocate (1997 film)
The Adventures of Baron Munchausen | 1988,164502,The Adventures of Baron Munchausen
Faust | 1926,1343856,Faust (1926 film)
The Devils | 1971,459586,The Devils (film)
Au Revoir les Enfants | 1987,1688060,Au revoir les enfants
